Ronald Green,ronald.green@gmail.com,Designer
Christopher Moore,christopher.moore@gmail.com,Frontend Developer
Kristen Sanders,kristen.sanders@gmail.com,Frontend Developer
Patrick Hill,patrick.hill@gmail.com,Sales Manager
Elizabeth Ward,elizabeth.ward@hotmail.com,Lead Developer
Adam Scott,adam.scott@outlook.com,Sales Manager
Craig Gonzalez,craig.gonzalez@hotmail.com,Designer
Caroline Torres,caroline.torres@hotmail.com,Frontend Developer
Sean Perez,sean.perez@hotmail.com,Backend Developer
Meredith Coleman,meredith.coleman@yahoo.com,Frontend Developer
Jason Flores,jason.flores@gmail.com,Lead Developer
Nicole Collins,nicole.collins@outlook.com,Quality Assurance Engineer
Sean Perez,sean.perez@hotmail.com,Lead Developer
Brandon Jackson,brandon.jackson@hotmail.com,Sales Manager
Robert Johnson,robert.johnson@outlook.com,Quality Assurance Engineer
Amanda Lee,amanda.lee@yahoo.com,Marketing Manager
Anthony Scott,anthony.scott@yahoo.com,Quality Assurance Engineer
Melissa Hall,melissa.hall@outlook.com,Quality Assurance Engineer
Samantha Ramirez,samantha.ramirez@gmail.com,Quality Assurance Engineer
Amy Morris,amy.morris@outlook.com,Sales Manager
Angela Cook,angela.cook@gmail.com,Backend Developer
Molly Foster,molly.foster@yahoo.com,Marketing Manager
William Adams,william.adams@yahoo.com,Sales Manager
Chelsea Reyes,chelsea.reyes@hotmail.com,Frontend Developer
Adam Scott,adam.scott@hotmail.com,Marketing Manager
Cynthia Ortiz,cynthia.ortiz@outlook.com,Sales Manager
Joseph Howard,joseph.howard@outlook.com,Quality Assurance Engineer
Travis Perez,travis.perez@aol.com,Sales Manager
Dustin Campbell,dustin.campbell@hotmail.com,Backend Developer
Craig Gonzalez,craig.gonzalez@outlook.com,Sales Manager
Joseph Howard,joseph.howard@outlook.com,Sales Manager
Timothy Lee,timothy.lee@yahoo.com,Quality Assurance Engineer
Christina Richardson,christina.richardson@outlook.com,Backend Developer
Cynthia Ortiz,cynthia.ortiz@yahoo.com,Frontend Developer
Megan Garcia,megan.garcia@yahoo.com,Backend Developer
Michael Miller,michael.miller@outlook.com,Lead Developer
Kyle Phillips,kyle.phillips@gmail.com,Designer
Meredith Coleman,meredith.coleman@yahoo.com,Marketing Manager
Karen Davis,karen.davis@yahoo.com,Lead Developer
Daniel Turner,daniel.turner@outlook.com,Backend Developer
Natalie Ross,natalie.ross@outlook.com,Backend Developer
Brandon Jackson,brandon.jackson@yahoo.com,Marketing Manager
Laura Lewis,laura.lewis@aol.com,Designer
Alyssa Young,alyssa.young@yahoo.com,Project Manager
Cynthia Ortiz,cynthia.ortiz@yahoo.com,Marketing Manager
Kristen Sanders,kristen.sanders@gmail.com,Marketing Manager
William Adams,william.adams@outlook.com,Sales Manager
Margaret Wright,margaret.wright@hotmail.com,Backend Developer
Robert Johnson,robert.johnson@yahoo.com,Lead Developer
Craig Gonzalez,craig.gonzalez@outlook.com,Designer
George Davis,george.davis@gmail.com,Lead Developer
Matthew Martin,matthew.martin@outlook.com,Marketing Manager
Michael Miller,michael.miller@hotmail.com,Designer
Vanessa Flores,vanessa.flores@aol.com,Sales Manager
Laura Lewis,laura.lewis@gmail.com,Project Manager
Elizabeth Ward,elizabeth.ward@gmail.com,Lead Developer
Adam Scott,adam.scott@gmail.com,Designer
Amy Morris,amy.morris@outlook.com,Backend Developer
George Davis,george.davis@outlook.com,Marketing Manager
Benjamin Coleman,benjamin.coleman@yahoo.com,Marketing Manager
Erica Howard,erica.howard@aol.com,Frontend Developer
Edward Ortiz,edward.ortiz@hotmail.com,Lead Developer
Brittany Allen,brittany.allen@aol.com,Marketing Manager
Richard Young,richard.young@hotmail.com,Lead Developer
Brian Peterson,brian.peterson@gmail.com,Sales Manager
Jane Doe,jane.doe@hotmail.com,Marketing Manager
Joseph Howard,joseph.howard@gmail.com,Frontend Developer
Christina Phillips,christina.phillips@aol.com,Quality Assurance Engineer
Matthew Martin,matthew.martin@yahoo.com,Designer
Chelsea Reyes,chelsea.reyes@hotmail.com,Project Manager
Russell James,russell.james@gmail.com,Quality Assurance Engineer
Julie Rogers,julie.rogers@aol.com,Backend Developer
George Davis,george.davis@gmail.com,Frontend Developer
Emily Taylor,emily.taylor@gmail.com,Frontend Developer
Karen Davis,karen.davis@gmail.com,Backend Developer
Christopher Moore,christopher.moore@aol.com,Quality Assurance Engineer
Jason Flores,jason.flores@aol.com,Frontend Developer
Megan Garcia,megan.garcia@outlook.com,Quality Assurance Engineer
Angela Cook,angela.cook@yahoo.com,Lead Developer
Claire Cooper,claire.cooper@aol.com,Project Manager
Christine Parker,christine.parker@yahoo.com,Project Manager
Kevin Robinson,kevin.robinson@yahoo.com,Designer
Lauren Evans,lauren.evans@yahoo.com,Sales Manager
Jordan Peterson,jordan.peterson@gmail.com,Lead Developer
Steven Reed,steven.reed@aol.com,Frontend Developer
Heather Brown,heather.brown@gmail.com,Frontend Developer
John Smith,john.smith@gmail.com,Frontend Developer
Christopher Long,christopher.long@hotmail.com,Designer
Sarah Wilson,sarah.wilson@gmail.com,Frontend Developer
Edward Ortiz,edward.ortiz@aol.com,Designer
Julie Rogers,julie.rogers@aol.com,Marketing Manager
Kevin Robinson,kevin.robinson@aol.com,Designer
Catherine Lee,catherine.lee@hotmail.com,Lead Developer
Maria Wood,maria.wood@outlook.com,Backend Developer
John Smith,john.smith@aol.com,Designer
Robert Johnson,robert.johnson@gmail.com,Project Manager
Peter Bailey,peter.bailey@yahoo.com,Lead Developer
Benjamin Coleman,benjamin.coleman@aol.com,Lead Developer
Bryan Murphy,bryan.murphy@hotmail.com,Project Manager
Tiffany Scott,tiffany.scott@gmail.com,Sales Manager
